#OTU ID	F1_6	F1_12	F1_12	M2_18	M3_6	M3_12	M1_6	M1_12	M1_18	F3_6	F3_12	F3_18	M4_6	M4_12	F5_6	F5_12	F5_18	M6_6	M6_12	M4_18	F4_6	F4_12	M6_14	M2_12	M5_6	M5_12	M5_18	M3_18	F2_6	F2_12
ASV3	14239	0	27296	2	0	4	11	1348	0	29	43	12291	0	18	5	3509	37	474	16	443	0	22470	0	1	0	747	2	29592	578	19
ASV1	12227	11	19270	27	0	4	0	1817	489	271	87980	10519	47708	5500	11234	12302	9218	798	28	132	22433	13	104	4	1	10628	3	7	204	1165
ASV223	39	0	0	0	0	0	0	0	0	0	0	0	0	0	0	0	0	0	0	0	0	0	0	0	0	0	0	0	2	0
ASV5	2599	1	2	0	0	0	0	3	0	61149	15	3	4	9	0	0	0	0	3	0	0	0	0	0	3	0	0	0	92	3
ASV12	5	0	1059	0	8	0	0	3	9	0	0	2	0	0	2	0	0	0	2	0	0	0	0	0	23399	0	0	0	18	0
ASV7	1676	42273	3895	0	0	0	746	19	987	0	0	3544	0	5419	0	405	2	18456	2	0	17	1	0	1	0	1	0	0	69	1140
ASV20	95	0	748	162	14199	0	0	5147	678	1	49	259	7639	103	0	458	0	4050	4358	0	0	2	0	0	2	2	0	0	4220	0
ASV2	460	26	13	24009	692	8	1	2283	9549	629	10379	0	13920	35441	18136	32521	51713	15952	2	15	29611	6	4335	64	7	73687	2133	18	153	39008
ASV61	3	0	0	0	0	0	0	3	0	0	0	1208	0	0	0	0	0	0	2	0	0	0	0	0	0	0	0	0	1	0
ASV11	55	5	78	0	0	0	0	5	5	13	342	27	3764	47	67	51	155	7	0	0	89	0	0	0	0	78	0	0	1	25069
ASV27	65	0	14	4	10819	0	0	3226	848	0	0	19	1329	7	0	58	0	3162	4195	0	0	0	0	0	1	2	0	0	2574	0
ASV4	92	5	450	5548	0	493	0	1184	1040	1028	251	0	20269	21168	8855	2049	15377	1482	0	2	10161	1683	0	1231	0	15156	497	4	558	5915
ASV14	94	0	3	0	0	1	18819	0	0	0	0	0	0	0	1	0	0	0	0	0	0	0	79	0	0	0	0	22	0	0
ASV8	5	0	2	0	1	0	445	192	564	22702	7	0	2	7	1	7350	0	0	0	0	0	0	0	0	139	0	2038	0	9	9435
ASV44	2	0	2104	0	0	0	0	3	0	0	0	2	0	0	0	0	0	0	2	0	0	0	0	0	0	0	0	0	1	0
ASV24	93	0	433	0	0	1	6424	0	0	0	0	0	0	0	0	0	0	0	1	0	0	0	0	0	0	0	2941	2	2	0
ASV22	57	220	5086	0	0	0	0	9	271	79	129	2	0	25	312	0	0	2	139	1	0	0	0	1645	0	338	0	0	19	0
ASV170	28	0	0	0	0	11	0	0	0	6	0	1	0	0	0	0	0	0	0	0	0	0	0	0	0	0	0	0	72	0
ASV101	1	0	598	0	0	0	0	2	0	0	0	0	0	0	0	0	0	0	0	0	0	0	0	0	0	0	0	0	0	0
ASV33	7	0	3083	0	0	0	0	3	0	0	0	0	0	0	0	0	0	0	2	0	0	0	0	0	0	0	0	0	5	0
ASV58	2	0	1208	0	0	0	0	3	0	0	0	1	0	0	0	0	0	0	0	0	0	0	0	0	0	0	0	0	3	0
ASV252	25	0	0	0	0	0	0	0	0	0	0	0	0	0	0	0	0	0	0	0	0	0	0	0	0	0	0	0	0	0
ASV46	4	0	1591	0	0	0	0	2	0	0	0	0	0	0	0	0	0	0	0	0	0	0	0	0	0	0	0	0	1	0
ASV18	1	0	1	0	0	5	670	0	0	0	0	342	0	0	3	0	0	0	0	0	0	0	0	0	0	0	16059	14	0	0
ASV34	5	0	5	0	2	754	0	3	1204	0	0	1150	55	398	0	0	0	51	1	0	0	0	0	0	0	0	0	17	7	0
ASV90	4	0	0	0	0	0	352	0	0	0	0	0	0	0	0	630	0	5	0	0	0	0	0	4	0	40	96	0	1	0
ASV9	3	1	0	0	0	0	0	0	0	33215	5	0	1	5	0	0	0	0	0	0	0	0	0	0	0	0	0	0	0	0
ASV96	1	0	340	0	0	0	0	0	0	0	0	0	0	0	0	0	0	0	0	0	0	13	0	0	0	0	0	0	84	0
ASV52	1	0	988	0	0	32	0	3	0	0	0	1	163	0	0	0	0	0	0	0	0	0	0	0	0	0	0	0	5	0
ASV67	3	0	957	0	0	0	0	1	0	0	0	0	0	0	0	0	0	0	1	0	0	0	0	2	0	0	0	0	10	0
ASV74	1	0	976	0	0	0	0	2	0	0	0	0	0	0	0	0	0	0	0	0	0	0	0	0	0	0	0	0	1	0
ASV71	1	0	0	0	0	0	0	0	0	1	0	0	0	0	0	0	0	0	0	0	0	0	0	0	0	0	0	0	1	781
ASV131	1	0	199	0	0	0	0	0	0	0	0	0	0	0	0	0	0	0	0	0	0	0	0	0	0	0	0	0	0	0
ASV70	1	0	216	0	0	0	0	617	0	0	0	0	0	0	0	0	0	0	1	0	0	0	0	0	0	0	0	0	2	0
ASV31	2	2206	1	0	0	0	0	0	1360	0	0	0	0	0	699	0	0	0	0	0	0	0	0	0	0	0	0	0	4	1
ASV103	2	0	1	0	0	0	0	70	0	0	0	323	0	0	0	0	0	0	0	0	0	0	0	0	0	0	0	1	0	0
ASV107	1	0	353	0	0	0	0	1	0	0	0	0	0	0	0	0	0	0	0	0	0	0	0	0	0	0	0	0	1	0
ASV23	2	1	0	0	0	0	0	0	0	4	0	0	0	3	0	0	0	0	0	0	0	0	0	0	0	0	0	0	0	5487
ASV26	0	4300	89	0	0	0	0	0	0	0	0	0	0	0	0	0	0	0	0	0	0	0	0	0	0	0	0	0	0	1
ASV29	0	0	4885	3	0	0	0	1	0	0	0	0	0	0	0	0	0	0	0	0	0	0	0	0	0	0	0	0	2	0
ASV205	0	0	42	0	0	0	0	0	0	0	0	0	0	0	0	0	0	0	0	0	0	0	0	0	0	0	0	0	0	0
ASV47	0	0	1	1659	0	0	0	0	0	0	0	0	0	0	0	0	0	0	0	0	0	0	0	0	0	0	0	0	0	0
ASV150	0	0	21	0	0	0	0	0	0	0	0	0	0	0	0	0	41	85	0	0	0	0	0	0	0	0	0	0	18	0
ASV133	0	0	2	3	0	0	0	0	1	0	0	0	0	0	1	0	0	0	0	0	0	0	439	0	0	0	0	0	0	0
ASV78	0	0	1	0	0	19	3	0	0	0	0	0	0	0	0	0	0	10	0	0	0	0	1145	5	0	0	0	1	0	0
ASV64	0	0	1	2537	1	0	0	0	1	0	0	0	0	6	0	0	0	0	0	0	0	0	2	0	0	0	0	0	0	0
ASV198	0	0	1	0	0	0	0	0	0	0	0	43	0	0	0	0	11	0	0	0	0	0	0	0	0	0	0	0	0	0
ASV68	0	0	666	0	0	0	0	2	0	38	0	0	0	0	0	0	0	0	0	0	0	0	0	0	0	0	0	0	1	215
ASV82	0	0	564	0	0	0	0	0	0	0	0	0	0	0	0	0	0	0	0	0	0	0	0	0	0	0	0	0	1	0
ASV43	0	0	2390	0	0	0	0	2	0	0	0	1	0	0	0	0	0	0	1	0	0	0	0	0	0	0	0	0	6	0
ASV81	0	0	311	0	0	113	0	0	291	0	0	0	0	23	0	0	0	0	0	0	0	0	0	0	0	0	0	4	1	0
ASV55	0	0	1078	0	0	0	0	1	0	0	0	0	0	0	0	0	0	0	0	0	0	0	0	0	0	0	0	0	0	0
ASV187	0	0	117	0	0	0	0	0	0	0	0	0	0	0	0	0	0	0	0	0	0	0	0	0	0	0	0	0	0	0
ASV86	0	0	549	0	0	0	0	2	0	0	0	0	0	0	0	0	0	0	1	0	0	0	0	0	0	0	0	0	3	0
ASV48	0	0	726	0	0	0	674	1	0	0	0	5	0	0	0	0	0	0	1	0	0	0	0	576	0	0	0	0	4	0
ASV146	0	0	160	0	0	0	0	0	0	0	0	0	0	0	0	0	0	0	0	0	0	0	0	0	0	0	0	0	0	0
ASV125	0	0	252	0	0	0	0	0	0	0	0	0	0	0	0	0	0	0	0	0	0	0	0	0	0	0	0	0	0	0
ASV176	0	0	76	0	0	0	0	0	0	0	0	0	0	0	0	0	0	0	0	0	0	0	0	0	0	0	0	0	0	0
ASV110	0	0	378	0	0	0	0	0	0	0	0	0	0	0	0	0	0	0	0	0	0	0	0	0	0	0	0	0	1	0
ASV108	0	0	404	0	0	0	0	0	0	0	0	0	0	0	0	0	0	0	1	0	0	0	0	0	0	0	0	0	1	0
ASV157	0	0	104	0	0	0	0	0	0	0	0	0	0	0	0	0	0	0	0	0	0	0	0	0	0	0	0	0	0	0
ASV229	0	0	80	0	0	0	0	0	0	0	0	0	0	0	0	0	0	0	0	0	0	0	0	0	0	0	0	0	24	0
ASV180	0	0	74	0	0	0	0	0	0	0	0	0	0	0	0	0	0	0	0	0	0	0	0	0	0	0	0	0	0	0
ASV241	0	0	23	0	0	0	0	0	0	0	0	0	0	0	0	0	0	0	0	0	0	0	0	0	0	0	0	0	0	0
ASV89	0	0	1	0	40	0	0	7	0	0	0	0	1213	0	0	1	0	13	1	0	0	0	0	0	0	0	0	0	7	0
ASV6	0	0	3	0	0	40	0	0	141	18	0	0	0	59904	0	0	0	0	0	1	1	0	0	0	0	0	0	0	0	6
ASV112	0	0	1	0	0	0	0	0	0	0	0	383	0	0	0	0	0	0	0	0	0	0	0	0	0	0	0	0	0	0
ASV41	0	0	2	0	0	0	0	0	0	0	0	0	0	0	0	0	1	0	0	0	0	0	0	2474	0	0	0	0	0	0
ASV93	0	0	2	0	0	1	0	0	638	0	0	0	0	0	0	0	0	0	0	0	0	0	0	0	0	0	0	0	0	0
ASV94	0	0	0	511	0	0	0	0	0	0	0	0	0	0	0	0	0	0	0	0	0	0	2	0	0	0	0	0	0	0
ASV37	0	0	0	8149	1	0	0	0	0	0	1	0	0	13	2	0	7	2	0	0	0	0	2	0	0	15	0	2	0	0
ASV42	0	0	0	1872	0	0	0	0	0	0	0	0	0	0	0	0	0	0	0	0	0	0	0	0	0	0	0	0	0	0
ASV62	0	0	0	217	0	0	89	0	12	86	0	157	295	0	0	1	44	0	0	0	0	0	286	0	0	0	0	0	0	20
ASV28	0	0	0	8	0	0	0	9	0	3	44	0	5859	54	0	0	86	20	0	0	0	0	0	1	0	191	0	0	0	1
ASV36	0	0	0	0	5826	0	0	0	1	0	0	0	0	0	0	0	0	0	0	0	0	0	0	0	0	0	0	0	0	0
ASV53	0	0	0	0	4205	61	0	0	0	0	0	0	0	0	0	0	0	0	0	0	0	0	0	0	0	312	0	1	0	0
ASV15	0	0	0	0	253	18160	0	0	1	15	0	0	0	1	1635	2884	0	2	0	0	0	0	0	0	0	0	2	357	0	0
ASV84	0	0	0	0	1055	0	0	0	0	0	0	0	0	0	0	0	0	0	0	0	0	0	0	0	0	0	0	0	0	0
ASV135	0	0	0	0	238	0	0	0	1	0	0	0	0	0	0	0	0	0	0	0	0	0	0	0	1	0	0	0	0	0
ASV54	0	0	0	0	367	1989	0	0	0	0	0	0	0	0	0	0	0	0	0	0	0	0	0	0	0	0	0	36	0	0
ASV172	0	0	0	0	111	0	0	0	0	0	0	0	0	0	0	0	0	0	0	0	0	0	0	0	0	0	0	0	0	0
ASV98	0	0	0	0	547	0	0	0	0	0	0	0	0	0	0	0	0	0	0	0	0	0	0	1	0	0	1	0	0	101
ASV10	0	0	0	0	16	0	0	0	11	0	0	0	0	0	0	0	0	0	0	0	0	0	1	0	39703	0	0	0	0	0
ASV163	0	0	0	0	115	0	0	0	0	0	0	0	0	0	0	0	0	0	0	0	0	0	0	0	0	0	0	0	0	0
ASV209	0	0	0	0	64	0	0	0	0	0	0	0	0	0	0	0	0	0	0	0	0	0	0	0	0	0	0	0	0	0
ASV214	0	0	0	0	64	0	0	0	0	0	0	0	0	0	0	0	0	0	0	0	0	0	0	0	0	0	0	0	0	0
ASV75	0	0	0	0	151	1175	0	0	0	0	0	0	0	0	0	0	0	0	0	0	0	0	0	0	1	0	0	16	0	0
ASV271	0	0	0	0	15	0	0	0	0	0	0	0	0	0	0	0	0	0	0	0	0	0	0	0	0	0	0	0	0	0
ASV222	0	0	0	0	49	0	0	0	0	0	0	0	0	0	0	0	0	0	0	0	0	0	0	0	0	0	0	0	0	0
ASV256	0	0	0	0	1	0	0	0	39	0	0	0	0	0	0	0	0	0	0	0	0	0	0	0	0	0	0	0	0	0
ASV13	0	0	0	0	3	0	0	0	27269	0	0	0	0	0	0	0	0	0	0	0	0	0	0	0	4	0	0	0	0	0
ASV16	0	0	0	0	7	0	0	0	2	0	0	0	0	0	0	0	0	0	0	0	0	0	0	0	15426	0	0	0	0	0
ASV111	0	0	0	0	1	0	0	0	416	0	0	0	0	0	0	0	0	0	0	0	0	0	0	0	0	0	0	0	0	0
ASV127	0	0	0	0	0	463	0	0	0	0	0	0	0	0	0	0	0	0	0	0	0	0	0	0	0	0	0	3	0	0
ASV109	0	0	0	0	0	889	0	0	0	0	0	0	0	0	0	0	0	0	0	0	0	0	0	0	0	0	0	23	0	0
ASV105	0	0	0	0	0	765	0	0	0	0	0	0	0	0	0	0	0	0	0	0	0	0	0	0	0	0	0	14	0	0
ASV49	0	0	0	0	0	5388	0	0	0	0	0	0	0	0	0	0	0	0	0	0	0	0	0	0	0	53	0	107	0	0
ASV99	0	0	0	0	0	534	0	0	0	0	0	0	0	0	0	0	0	0	0	0	0	0	0	0	0	0	0	14	0	0
ASV130	0	0	0	0	0	648	0	0	0	0	0	0	0	0	1	0	0	0	0	0	0	0	0	0	0	0	0	13	0	0
ASV184	0	0	0	0	0	120	0	0	0	0	0	0	0	0	0	0	0	0	0	0	0	0	0	0	0	0	0	1	0	0
ASV85	0	0	0	0	0	1218	0	0	2	0	0	0	0	3	0	0	0	0	0	0	0	0	0	0	0	0	0	19	0	0
ASV115	0	0	0	0	0	356	0	0	0	0	0	0	0	0	0	0	0	0	0	0	0	0	0	0	0	0	0	9	0	0
ASV104	0	0	0	0	0	531	0	0	0	0	0	0	0	0	0	0	0	0	0	0	0	0	0	0	0	0	0	8	0	0
ASV145	0	0	0	0	0	167	0	0	0	0	0	0	0	0	0	0	0	0	0	0	0	0	0	0	0	0	0	5	0	0
ASV202	0	0	0	0	0	72	0	0	0	0	0	0	0	0	0	0	0	0	0	0	0	0	0	0	0	0	0	0	0	0
ASV251	0	0	0	0	0	110	0	0	0	0	0	0	0	0	0	0	0	0	0	0	0	0	0	0	0	0	0	4	0	0
ASV221	0	0	0	0	0	119	0	0	0	0	0	0	0	0	0	0	0	0	0	0	0	0	0	0	0	0	0	2	0	0
ASV194	0	0	0	0	0	100	0	0	5	0	0	0	0	0	0	0	0	0	0	0	0	0	0	0	0	0	0	0	0	0
ASV100	0	0	0	0	0	479	0	0	0	0	0	0	0	0	0	0	0	0	0	0	0	0	0	0	0	0	0	15	0	0
ASV158	0	0	0	0	0	295	0	0	0	0	0	0	0	0	0	0	0	0	0	0	0	0	0	0	0	0	0	6	0	0
ASV153	0	0	0	0	0	450	0	0	1	0	0	0	0	0	0	0	0	0	0	0	0	0	0	0	0	0	0	12	0	0
ASV137	0	0	0	0	0	292	0	0	0	0	0	0	0	0	0	0	0	0	0	0	0	0	0	0	0	0	0	6	0	0
ASV126	0	0	0	0	0	352	0	0	0	0	0	0	0	0	0	0	0	0	0	0	0	0	0	0	0	0	0	7	0	0
ASV120	0	0	0	0	0	628	7	0	0	0	0	0	0	0	23	2	10	0	0	0	0	0	0	0	0	18	54	9	1	0
ASV65	0	0	0	0	0	1730	1	0	0	0	0	0	0	0	0	0	0	0	0	0	0	0	2	31	0	0	0	33	0	0
ASV147	0	0	0	0	0	355	0	0	0	0	0	0	0	0	0	0	0	0	0	0	0	0	0	0	0	0	0	2	0	0
ASV227	0	0	0	0	0	51	0	0	0	0	0	0	0	0	0	0	0	0	0	0	0	0	0	0	0	0	0	0	0	0
ASV186	0	0	0	0	0	66	0	0	0	0	0	0	0	0	0	0	0	0	0	0	0	0	0	0	0	0	0	1	0	0
ASV114	0	0	0	0	0	459	0	0	0	0	0	0	0	0	0	0	0	0	0	0	0	0	0	0	0	0	0	8	0	0
ASV197	0	0	0	0	0	163	0	0	0	0	0	0	0	0	0	0	0	0	0	0	0	0	0	0	0	0	0	5	0	0
ASV244	0	0	0	0	0	41	0	0	0	0	0	0	0	0	0	0	0	0	0	0	0	0	0	0	0	0	0	1	0	0
ASV159	0	0	0	0	0	121	0	0	1	0	0	0	0	0	0	0	0	0	0	0	0	0	0	0	0	0	0	5	0	0
ASV160	0	0	0	0	0	115	0	0	0	0	0	0	0	0	0	0	0	0	0	0	0	0	0	0	0	0	0	3	0	0
ASV173	0	0	0	0	0	130	0	0	0	0	0	0	0	0	0	0	0	0	0	0	0	0	0	0	0	0	0	1	0	0
ASV249	0	0	0	0	0	33	0	0	0	0	0	0	0	0	0	0	0	0	0	0	0	0	0	0	0	7	0	1	0	0
ASV269	0	0	0	0	0	66	0	0	0	0	0	0	0	0	0	0	0	0	0	0	0	0	0	0	0	0	0	1	0	0
ASV161	0	0	0	0	0	138	0	0	0	0	0	0	0	0	0	0	0	0	0	0	0	0	0	0	0	0	0	1	0	0
ASV207	0	0	0	0	0	124	0	0	0	0	0	0	0	0	0	0	0	0	0	0	0	0	0	0	0	0	0	6	0	0
ASV162	0	0	0	0	0	157	0	0	0	0	0	0	0	0	0	0	0	0	0	0	0	0	0	0	0	0	0	4	0	0
ASV32	0	0	0	0	0	2	127	0	0	0	0	0	0	0	4067	0	0	0	0	0	0	0	0	0	0	0	0	3	0	0
ASV248	0	0	0	0	0	27	0	0	0	0	0	0	0	0	0	0	0	0	0	0	0	0	0	0	0	0	0	2	0	0
ASV220	0	0	0	0	0	64	0	0	0	0	0	0	0	0	0	0	0	0	0	0	0	0	0	0	0	0	0	0	0	0
ASV215	0	0	0	0	0	134	0	0	0	0	0	0	0	0	0	0	0	0	0	0	0	0	0	0	0	0	0	6	0	0
ASV261	0	0	0	0	0	23	0	0	0	0	0	0	0	0	0	0	0	0	0	0	0	0	0	0	0	0	0	0	0	0
ASV95	0	0	0	0	0	39	595	0	0	0	0	0	1	0	0	0	0	0	0	0	0	0	3	0	0	0	0	2	0	0
ASV267	0	0	0	0	0	17	0	0	0	0	0	0	0	0	0	0	0	0	0	0	0	0	0	0	0	0	0	1	0	0
ASV19	0	0	0	0	0	2	0	0	0	0	0	0	0	0	15743	0	0	0	0	0	0	0	0	0	0	0	3	6	0	0
ASV59	0	0	0	0	0	10	0	0	0	0	0	0	0	2	0	0	0	0	0	0	0	0	1760	22	0	0	0	0	0	0
ASV56	0	0	0	0	0	8	0	0	0	0	0	0	0	0	0	0	0	0	0	0	0	0	5	2118	0	0	0	0	0	0
ASV260	0	0	0	0	0	29	0	0	0	0	0	0	0	0	0	0	0	0	0	0	0	0	0	0	0	0	0	0	0	0
ASV38	0	0	0	0	0	9	0	0	0	0	0	0	0	0	0	0	0	0	0	0	0	0	2653	197	0	0	0	1	0	0
ASV141	0	0	0	0	0	1	0	0	0	0	0	0	0	0	0	175	0	0	0	0	0	0	0	0	0	2	0	0	0	0
ASV17	0	0	0	0	0	3	0	0	0	0	0	0	0	0	4	0	0	0	0	0	0	0	0	0	0	0	17625	4	0	0
ASV80	0	0	0	0	0	1	2	0	0	0	0	0	604	0	0	0	0	0	0	0	0	0	0	0	0	0	0	0	0	0
ASV102	0	0	0	0	0	0	754	0	0	0	0	0	0	0	0	0	0	0	0	0	0	0	0	0	0	0	0	0	0	0
ASV66	0	0	0	0	0	0	2096	0	0	0	0	0	0	0	0	0	0	0	0	0	0	0	0	0	0	0	0	0	0	0
ASV91	0	0	0	0	0	0	518	0	0	0	0	0	57	0	0	0	0	0	0	0	0	0	0	0	0	0	0	0	0	0
ASV136	0	0	0	0	0	0	403	0	0	0	0	0	0	0	0	0	0	0	0	0	0	0	0	0	0	0	0	0	0	0
ASV134	0	0	0	0	0	0	718	0	0	0	0	0	0	0	0	0	0	0	0	0	0	0	0	0	0	0	0	0	0	0
ASV165	0	0	0	0	0	0	260	0	0	0	0	0	0	0	0	0	0	0	0	0	0	0	0	0	0	0	0	0	0	0
ASV151	0	0	0	0	0	0	199	0	0	0	0	0	0	0	0	3	0	0	0	0	0	0	0	0	0	0	0	0	0	0
ASV174	0	0	0	0	0	0	98	0	0	0	0	0	0	0	0	0	0	0	0	0	0	0	0	0	0	0	0	0	0	0
ASV152	0	0	0	0	0	0	160	0	0	0	0	0	0	0	0	0	0	0	0	0	0	0	0	0	0	0	0	0	1	0
ASV238	0	0	0	0	0	0	56	0	0	0	0	4	0	0	0	0	0	0	0	0	0	0	0	0	0	0	0	0	0	0
ASV258	0	0	0	0	0	0	5	0	0	0	0	0	0	0	0	0	0	0	0	0	0	0	0	0	0	30	5	0	0	0
ASV79	0	0	0	0	0	0	6	0	0	0	0	0	0	0	0	0	0	0	0	0	0	0	19	855	0	0	0	0	0	0
ASV143	0	0	0	0	0	0	0	208	0	0	0	0	0	0	0	0	0	0	0	0	0	0	0	0	0	0	0	0	0	0
ASV40	0	0	0	0	0	0	0	73	0	0	0	0	0	0	0	0	0	0	0	2025	0	0	0	0	0	0	0	0	0	0
ASV178	0	0	0	0	0	0	0	4	0	0	0	0	0	0	0	0	0	0	3	0	0	0	0	0	0	0	0	0	121	0
ASV50	0	0	0	0	0	0	0	1	0	3	16	0	1974	237	0	0	15	1	0	0	3	0	0	0	0	29	0	0	0	0
ASV183	0	0	0	0	0	0	0	0	103	0	0	0	0	0	0	0	0	0	0	0	0	0	0	0	0	0	0	0	0	0
ASV106	0	0	0	0	0	0	0	0	639	0	0	0	0	0	0	0	0	0	0	0	0	0	0	0	0	0	0	0	0	0
ASV113	0	0	0	0	0	0	0	0	506	0	0	0	0	0	0	0	0	0	0	0	0	0	0	0	0	0	0	0	2	0
ASV164	0	0	0	0	0	0	0	0	126	0	0	0	0	0	0	0	0	0	0	0	0	0	0	0	0	0	0	0	0	0
ASV119	0	0	0	0	0	0	0	0	404	0	0	0	0	0	0	0	0	0	0	0	0	0	0	0	0	0	0	0	0	8
ASV72	0	0	0	0	0	0	0	0	866	0	1	0	0	0	0	1	0	1	0	4	0	2	0	4	0	0	223	0	0	0
ASV268	0	0	0	0	0	0	0	0	15	0	0	0	0	0	0	0	0	0	0	0	0	0	0	0	0	0	0	0	0	0
ASV247	0	0	0	0	0	0	0	0	18	0	0	0	0	0	0	0	0	0	0	0	0	0	0	0	0	0	0	0	0	0
ASV217	0	0	0	0	0	0	0	0	42	0	0	0	0	0	0	0	0	0	2	0	0	0	0	0	0	0	0	0	0	0
ASV199	0	0	0	0	0	0	0	0	88	0	0	0	0	0	0	0	0	0	0	0	0	0	0	1	0	0	0	0	0	0
ASV235	0	0	0	0	0	0	0	0	28	0	0	0	0	0	0	0	0	0	0	0	0	0	0	0	0	0	0	0	0	0
ASV196	0	0	0	0	0	0	0	0	4	40	0	0	0	0	0	0	0	0	0	0	0	0	0	0	0	0	0	0	0	0
ASV21	0	0	0	0	0	0	0	0	0	8390	1	0	0	1	0	2	0	0	0	0	0	6	0	0	0	0	0	0	0	1
ASV69	0	0	0	0	0	0	0	0	0	815	0	0	0	0	0	0	0	0	0	0	0	0	0	0	0	0	0	0	0	0
ASV83	0	0	0	0	0	0	0	0	0	627	0	0	0	0	0	0	0	0	0	0	0	0	0	0	0	0	0	0	0	0
ASV88	0	0	0	0	0	0	0	0	0	519	0	0	0	0	0	0	0	0	0	0	0	0	0	0	0	0	0	0	0	0
ASV167	0	0	0	0	0	0	0	0	0	81	0	0	0	0	0	0	0	0	0	0	0	0	0	0	0	0	0	0	0	0
ASV118	0	0	0	0	0	0	0	0	0	289	0	0	0	0	0	0	0	0	0	0	0	0	0	0	0	0	0	0	0	0
ASV117	0	0	0	0	0	0	0	0	0	218	0	0	0	0	0	0	0	0	0	0	0	0	0	0	0	0	0	0	0	0
ASV175	0	0	0	0	0	0	0	0	0	83	0	0	0	0	0	0	0	0	0	0	0	0	0	0	0	0	0	0	0	0
ASV182	0	0	0	0	0	0	0	0	0	68	0	0	0	0	0	0	0	0	0	0	0	0	0	0	0	0	0	0	0	0
ASV263	0	0	0	0	0	0	0	0	0	17	0	0	0	0	0	0	0	0	0	0	0	0	0	0	0	0	0	0	0	0
ASV193	0	0	0	0	0	0	0	0	0	12	0	0	0	0	0	0	0	109	0	0	0	0	0	0	0	0	0	0	0	0
ASV30	0	0	0	0	0	0	0	0	0	8	0	0	0	0	0	0	1	0	0	0	0	0	16	6611	0	0	0	0	0	0
ASV76	0	0	0	0	0	0	0	0	0	2	0	0	22	0	0	0	0	0	0	0	0	0	0	1280	0	0	0	0	0	0
ASV144	0	0	0	0	0	0	0	0	0	1	0	0	0	117	0	0	0	0	0	0	0	0	0	0	0	0	0	0	0	0
ASV116	0	0	0	0	0	0	0	0	0	0	389	0	0	0	0	0	0	0	0	0	0	1	0	0	0	0	0	0	0	0
ASV73	0	0	0	0	0	0	0	0	0	0	791	0	0	0	0	0	0	0	0	0	0	0	0	0	0	0	0	0	0	0
ASV45	0	0	0	0	0	0	0	0	0	0	0	0	1460	0	0	0	0	43	0	0	0	0	0	0	0	0	2	0	0	0
ASV204	0	0	0	0	0	0	0	0	0	0	0	0	31	0	0	0	0	0	0	0	0	0	0	0	0	0	0	0	0	0
ASV201	0	0	0	0	0	0	0	0	0	0	0	0	46	0	0	0	0	0	0	0	0	0	0	0	0	0	0	0	0	0
ASV233	0	0	0	0	0	0	0	0	0	0	0	0	0	378	0	0	0	0	0	0	0	0	0	0	0	0	0	0	0	0
ASV97	0	0	0	0	0	0	0	0	0	0	0	0	0	439	0	0	0	0	0	0	0	0	0	0	0	0	0	0	0	0
ASV171	0	0	0	0	0	0	0	0	0	0	0	0	0	75	0	0	0	0	0	0	0	0	0	0	0	0	0	0	0	0
ASV190	0	0	0	0	0	0	0	0	0	0	0	0	0	46	0	0	0	0	0	0	0	0	0	0	0	0	0	0	0	0
ASV39	0	0	0	0	0	0	0	0	0	0	0	0	0	0	2727	0	0	0	0	0	0	0	0	0	0	0	0	1	0	0
ASV154	0	0	0	0	0	0	0	0	0	0	0	0	0	0	187	0	0	0	0	0	0	0	0	0	0	0	0	0	0	0
ASV240	0	0	0	0	0	0	0	0	0	0	0	0	0	0	54	0	0	0	0	0	0	0	0	0	0	0	0	0	0	0
ASV156	0	0	0	0	0	0	0	0	0	0	0	0	0	0	158	0	0	0	0	0	0	0	0	0	0	0	0	0	0	0
ASV124	0	0	0	0	0	0	0	0	0	0	0	0	0	0	0	475	0	0	0	0	0	0	0	0	0	0	0	0	0	0
ASV245	0	0	0	0	0	0	0	0	0	0	0	0	0	0	0	52	0	0	0	0	0	0	0	0	0	0	0	0	0	0
ASV239	0	0	0	0	0	0	0	0	0	0	0	0	0	0	0	1	0	0	0	0	0	0	0	0	0	0	36	0	0	0
ASV226	0	0	0	0	0	0	0	0	0	0	0	0	0	0	0	0	28	0	0	0	0	0	0	0	0	0	0	0	0	0
ASV253	0	0	0	0	0	0	0	0	0	0	0	0	0	0	0	0	42	43	0	0	0	0	0	2	0	0	0	0	0	0
ASV25	0	0	0	0	0	0	0	0	0	0	0	0	0	0	0	0	1	1	0	0	0	5182	0	0	0	0	0	0	0	0
ASV185	0	0	0	0	0	0	0	0	0	0	0	0	0	0	0	0	1	0	0	0	0	0	0	0	0	410	0	0	0	0
ASV87	0	0	0	0	0	0	0	0	0	0	0	0	0	0	0	0	0	1131	0	0	0	0	0	0	0	0	0	0	0	0
ASV262	0	0	0	0	0	0	0	0	0	0	0	0	0	0	0	0	0	44	0	0	0	0	0	0	0	0	0	0	0	0
ASV237	0	0	0	0	0	0	0	0	0	0	0	0	0	0	0	0	0	28	0	0	0	0	0	0	0	0	0	0	0	0
ASV232	0	0	0	0	0	0	0	0	0	0	0	0	0	0	0	0	0	54	0	0	0	0	0	0	0	0	0	0	0	0
ASV255	0	0	0	0	0	0	0	0	0	0	0	0	0	0	0	0	0	21	0	0	0	0	0	0	0	0	0	0	0	0
ASV191	0	0	0	0	0	0	0	0	0	0	0	0	0	0	0	0	0	2	0	0	0	0	0	87	0	0	0	0	0	0
ASV155	0	0	0	0	0	0	0	0	0	0	0	0	0	0	0	0	0	1	0	0	0	0	0	0	0	282	0	0	4	0
ASV257	0	0	0	0	0	0	0	0	0	0	0	0	0	0	0	0	0	0	17	0	0	0	0	0	0	0	0	0	0	0
ASV168	0	0	0	0	0	0	0	0	0	0	0	0	0	0	0	0	0	0	143	0	0	0	0	0	0	0	0	0	2	0
ASV181	0	0	0	0	0	0	0	0	0	0	0	0	0	0	0	0	0	0	0	0	83	0	0	0	0	0	0	0	0	0
ASV121	0	0	0	0	0	0	0	0	0	0	0	0	0	0	0	0	0	0	0	0	0	283	0	0	0	0	0	0	0	0
ASV177	0	0	0	0	0	0	0	0	0	0	0	0	0	0	0	0	0	0	0	0	0	83	0	0	0	0	0	0	0	0
ASV200	0	0	0	0	0	0	0	0	0	0	0	0	0	0	0	0	0	0	0	0	0	45	0	0	0	0	0	0	0	0
ASV122	0	0	0	0	0	0	0	0	0	0	0	0	0	0	0	0	0	0	0	0	0	0	342	0	0	0	0	0	0	0
ASV228	0	0	0	0	0	0	0	0	0	0	0	0	0	0	0	0	0	0	0	0	0	0	34	0	0	0	0	0	0	0
ASV208	0	0	0	0	0	0	0	0	0	0	0	0	0	0	0	0	0	0	0	0	0	0	49	0	0	0	0	0	0	0
ASV195	0	0	0	0	0	0	0	0	0	0	0	0	0	0	0	0	0	0	0	0	0	0	0	74	0	0	0	0	0	0
ASV92	0	0	0	0	0	0	0	0	0	0	0	0	0	0	0	0	0	0	0	0	0	0	0	663	0	0	0	0	0	0
ASV60	0	0	0	0	0	0	0	0	0	0	0	0	0	0	0	0	0	0	0	0	0	0	0	2845	0	2	0	0	0	0
ASV77	0	0	0	0	0	0	0	0	0	0	0	0	0	0	0	0	0	0	0	0	0	0	0	1219	0	0	0	0	0	0
ASV57	0	0	0	0	0	0	0	0	0	0	0	0	0	0	0	0	0	0	0	0	0	0	0	1399	0	0	0	0	0	0
ASV63	0	0	0	0	0	0	0	0	0	0	0	0	0	0	0	0	0	0	0	0	0	0	0	1811	0	0	0	0	0	0
ASV35	0	0	0	0	0	0	0	0	0	0	0	0	0	0	0	0	0	0	0	0	0	0	0	5123	0	0	0	0	0	0
ASV219	0	0	0	0	0	0	0	0	0	0	0	0	0	0	0	0	0	0	0	0	0	0	0	69	0	0	0	0	0	0
ASV169	0	0	0	0	0	0	0	0	0	0	0	0	0	0	0	0	0	0	0	0	0	0	0	249	0	0	0	0	0	0
ASV216	0	0	0	0	0	0	0	0	0	0	0	0	0	0	0	0	0	0	0	0	0	0	0	134	0	0	0	0	0	0
ASV129	0	0	0	0	0	0	0	0	0	0	0	0	0	0	0	0	0	0	0	0	0	0	0	278	0	0	0	0	0	0
ASV149	0	0	0	0	0	0	0	0	0	0	0	0	0	0	0	0	0	0	0	0	0	0	0	205	0	0	0	1	0	0
ASV123	0	0	0	0	0	0	0	0	0	0	0	0	0	0	0	0	0	0	0	0	0	0	0	353	0	0	0	0	0	0
ASV128	0	0	0	0	0	0	0	0	0	0	0	0	0	0	0	0	0	0	0	0	0	0	0	298	0	0	0	0	0	0
ASV166	0	0	0	0	0	0	0	0	0	0	0	0	0	0	0	0	0	0	0	0	0	0	0	165	0	0	0	0	0	0
ASV210	0	0	0	0	0	0	0	0	0	0	0	0	0	0	0	0	0	0	0	0	0	0	0	63	0	0	0	0	0	0
ASV259	0	0	0	0	0	0	0	0	0	0	0	0	0	0	0	0	0	0	0	0	0	0	0	43	0	0	0	0	0	0
ASV203	0	0	0	0	0	0	0	0	0	0	0	0	0	0	0	0	0	0	0	0	0	0	0	128	0	0	0	0	0	0
ASV270	0	0	0	0	0	0	0	0	0	0	0	0	0	0	0	0	0	0	0	0	0	0	0	40	0	0	0	0	0	0
ASV250	0	0	0	0	0	0	0	0	0	0	0	0	0	0	0	0	0	0	0	0	0	0	0	23	0	0	0	0	0	0
ASV142	0	0	0	0	0	0	0	0	0	0	0	0	0	0	0	0	0	0	0	0	0	0	0	0	171	0	0	0	0	0
ASV138	0	0	0	0	0	0	0	0	0	0	0	0	0	0	0	0	0	0	0	0	0	0	0	0	0	401	0	0	0	0
ASV148	0	0	0	0	0	0	0	0	0	0	0	0	0	0	0	0	0	0	0	0	0	0	0	0	0	427	0	0	0	0
ASV132	0	0	0	0	0	0	0	0	0	0	0	0	0	0	0	0	0	0	0	0	0	0	0	0	0	732	0	0	0	0
ASV212	0	0	0	0	0	0	0	0	0	0	0	0	0	0	0	0	0	0	0	0	0	0	0	0	0	146	0	0	0	0
ASV272	0	0	0	0	0	0	0	0	0	0	0	0	0	0	0	0	0	0	0	0	0	0	0	0	0	58	0	0	0	0
ASV266	0	0	0	0	0	0	0	0	0	0	0	0	0	0	0	0	0	0	0	0	0	0	0	0	0	82	0	0	0	0
ASV224	0	0	0	0	0	0	0	0	0	0	0	0	0	0	0	0	0	0	0	0	0	0	0	0	0	77	0	0	0	0
ASV242	0	0	0	0	0	0	0	0	0	0	0	0	0	0	0	0	0	0	0	0	0	0	0	0	0	56	0	0	0	0
ASV225	0	0	0	0	0	0	0	0	0	0	0	0	0	0	0	0	0	0	0	0	0	0	0	0	0	49	0	0	0	0
ASV179	0	0	0	0	0	0	0	0	0	0	0	0	0	0	0	0	0	0	0	0	0	0	0	0	0	144	0	0	0	0
ASV236	0	0	0	0	0	0	0	0	0	0	0	0	0	0	0	0	0	0	0	0	0	0	0	0	0	81	0	0	0	0
ASV231	0	0	0	0	0	0	0	0	0	0	0	0	0	0	0	0	0	0	0	0	0	0	0	0	0	63	0	0	0	0
ASV230	0	0	0	0	0	0	0	0	0	0	0	0	0	0	0	0	0	0	0	0	0	0	0	0	0	45	0	0	0	0
ASV243	0	0	0	0	0	0	0	0	0	0	0	0	0	0	0	0	0	0	0	0	0	0	0	0	0	37	0	0	0	0
ASV254	0	0	0	0	0	0	0	0	0	0	0	0	0	0	0	0	0	0	0	0	0	0	0	0	0	14	0	0	0	0
ASV234	0	0	0	0	0	0	0	0	0	0	0	0	0	0	0	0	0	0	0	0	0	0	0	0	0	43	0	0	0	0
ASV51	0	0	0	0	0	0	0	0	0	0	0	0	0	0	0	0	0	0	0	0	0	0	0	0	0	0	3070	2	0	0
ASV265	0	0	0	0	0	0	0	0	0	0	0	0	0	0	0	0	0	0	0	0	0	0	0	0	0	0	33	0	0	0
ASV218	0	0	0	0	0	0	0	0	0	0	0	0	0	0	0	0	0	0	0	0	0	0	0	0	0	0	42	0	0	0
ASV264	0	0	0	0	0	0	0	0	0	0	0	0	0	0	0	0	0	0	0	0	0	0	0	0	0	0	51	0	0	0
ASV246	0	0	0	0	0	0	0	0	0	0	0	0	0	0	0	0	0	0	0	0	0	0	0	0	0	0	0	20	0	0
ASV188	0	0	0	0	0	0	0	0	0	0	0	0	0	0	0	0	0	0	0	0	0	0	0	0	0	0	0	57	0	0
ASV192	0	0	0	0	0	0	0	0	0	0	0	0	0	0	0	0	0	0	0	0	0	0	0	0	0	0	0	0	60	0
ASV211	0	0	0	0	0	0	0	0	0	0	0	0	0	0	0	0	0	0	0	0	0	0	0	0	0	0	0	0	42	0
ASV140	0	0	0	0	0	0	0	0	0	0	0	0	0	0	0	0	0	0	0	0	0	0	0	0	0	0	0	0	144	0
ASV189	0	0	0	0	0	0	0	0	0	0	0	0	0	0	0	0	0	0	0	0	0	0	0	0	0	0	0	0	75	0
ASV213	0	0	0	0	0	0	0	0	0	0	0	0	0	0	0	0	0	0	0	0	0	0	0	0	0	0	0	0	33	0
ASV206	0	0	0	0	0	0	0	0	0	0	0	0	0	0	0	0	0	0	0	0	0	0	0	0	0	0	0	0	52	0
ASV139	0	0	0	0	0	0	0	0	0	0	0	0	0	0	0	0	0	0	0	0	0	0	0	0	0	0	0	0	0	142
